[
  {
    "nameUID": "A Secret Vow",
    "path": "The Destruction",
    "star": 4,
    "source": "Spare No Effort",
    "desc": "Increases DMG dealt by the wearer by 20/25/30/35/40%. The wearer also deals an extra 20/25/30/35/40% of DMG to enemies with a higher HP percentage than the wearer."
  },
  {
    "nameUID": "Adversarial",
    "path": "The Hunt",
    "star": 3,
    "source": "Alliance",
    "desc": "When the wearer defeats an enemy, increases SPD by 10/12/14/16/18% for 2 turn(s)."
  },
  {
    "nameUID": "Amber",
    "path": "The Preservation",
    "star": 3,
    "source": "Stasis",
    "desc": "Increases the wearer's DEF by 16/20/24/28/32%. If the wearer's current HP is lower than 50%, increases their DEF by a further 16/20/24/28/32%."
  },
  {
    "nameUID": "Arrows",
    "path": "The Hunt",
    "star": 3,
    "source": "Crisis",
    "desc": "At the start of the battle, the wearer's CRIT Rate increases by 12/15/18/21/24% for 3 turn(s)."
  },
  {
    "nameUID": "Before Dawn",
    "path": "The Erudition",
    "star": 5,
    "source": "Long Night",
    "desc": "Increases the wearer's CRIT DMG by 36/42/48/54/60%. Increases the wearer's Skill and Ultimate DMG by 18/21/24/27/30%. After the wearer uses their Skill or Ultimate, they gain Somnus Corpus. Upon triggering a follow-up attack, Somnus Corpus will be consumed and the follow-up attack DMG increases by 48/56/64/72/80%."
  },
  {
    "nameUID": "Before the Tutorial Mission Starts",
    "path": "The Nihility",
    "star": 4,
    "source": "Quick on the Draw",
    "desc": "Increases the wearer's Effect Hit Rate by 20/25/30/35/40%. When the wearer attacks DEF-reduced enemies, regenerates 4/5/6/7/8 Energy."
  },
  {
    "nameUID": "But The Battle Isn't Over",
    "path": "The Harmony",
    "star": 5,
    "source": "Heir",
    "desc": "Increases the wearer's Energy Regeneration Rate by 10/12/14/16/18% and regenerates 1 Skill Point when the wearer uses their Ultimate on an ally. This effect can be triggered after every 2 uses of the wearer's Ultimate. When the wearer uses their Skill, the next ally taking action (except the wearer) deals 30/35/40/45/50% more DMG for 1 turn(s)."
  },
  {
    "nameUID": "Carve the Moon, Weave the Clouds",
    "path": "The Harmony",
    "star": 4,
    "source": "Secret",
    "desc": "At the start of the battle and whenever the wearer's turn begins, one of the following effects is applied randomly: All allies' ATK increases by 10/12.5/15/17.5/20%, all allies' CRIT DMG increases by 12/15/18/21/24%, or all allies' Energy Regeneration Rate increases by 6/7.5/9/10.5/12%. The applied effect cannot be identical to the last effect applied, and will replace the previous effect. The applied effect will be removed when the wearer has been knocked down. Effects of the similar type cannot be stacked."
  },
  {
    "nameUID": "Chorus",
    "path": "The Harmony",
    "star": 3,
    "source": "Concerted",
    "desc": "After entering battle, increases the ATK of all allies by 8/9/10/11/12%. Effects of the same type cannot stack."
  },
  {
    "nameUID": "Collapsing Sky",
    "path": "The Destruction",
    "star": 3,
    "source": "Havoc",
    "desc": "Increases the wearer's Basic ATK and Skill DMG by 20/25/30/35/40%."
  },
  {
    "nameUID": "Cornucopia",
    "path": "The Abundance",
    "star": 3,
    "source": "Prosperity",
    "desc": "When the wearer uses their Skill or Ultimate, their Outgoing Healing increases by 12/15/18/21/24%."
  },
  {
    "nameUID": "Cruising in the Stellar Sea",
    "path": "The Hunt",
    "star": 5,
    "source": "Chase",
    "desc": "Increases the wearer's CRIT Rate by 8/10/12/14/16%, and increases their CRIT Rate against enemies with HP less than or equal to 50% by an extra 8/10/12/14/16%. When the wearer defeats an enemy, increase their ATK by 20/25/30/35/40% for 2 turn(s)."
  },
  {
    "nameUID": "Dance! Dance! Dance!",
    "path": "The Harmony",
    "star": 4,
    "source": "Cannot Stop It!",
    "desc": "When the wearer uses their Ultimate, all allies' actions are Advanced Forward by 16/18/20/22/24%."
  },
  {
    "nameUID": "Darting Arrow",
    "path": "The Hunt",
    "star": 3,
    "source": "War Cry",
    "desc": "When the wearer defeats an enemy, increases ATK by 24/30/36/42/48% for 3 turn(s)."
  },
  {
    "nameUID": "Data Bank",
    "path": "The Erudition",
    "star": 3,
    "source": "Learned",
    "desc": "Increases the wearer's Ultimate DMG by 28/35/42/49/56%."
  },
  {
    "nameUID": "Day One of My New Life",
    "path": "The Preservation",
    "star": 4,
    "source": "At This Very Moment",
    "desc": "Increases the wearer's DEF by 16/18/20/22/24%. After entering battle, increases DMG RES of all allies by 8/9/10/11/12%. Effects of the same type cannot stack."
  },
  {
    "nameUID": "Defense",
    "path": "The Preservation",
    "star": 3,
    "source": "Revitalization",
    "desc": "When the wearer unleashes their Ultimate, they restore HP by 18/21/24/27/30% of their Max HP."
  },
  {
    "nameUID": "Eyes of the Prey",
    "path": "The Nihility",
    "star": 4,
    "source": "Self-Confidence",
    "desc": "Increases Effect Hit Rate of its wearer by 20/25/30/35/40% and increases DoT by 24/30/36/42/48%."
  },
  {
    "nameUID": "Fermata",
    "path": "The Nihility",
    "star": 4,
    "source": "Semibreve Rest",
    "desc": "Increases the Break Effect dealt by the wearer by 16/20/24/28/32%, and increases their DMG to enemies afflicted with Shock or Wind Shear by 16/20/24/28/32%. This also applies to DoT."
  },
  {
    "nameUID": "Fine Fruit",
    "path": "The Abundance",
    "star": 3,
    "source": "Savor",
    "desc": "At the beginning of the battle, immediately regenerates 6/7.5/9/10.5/12 Energy for all allies."
  },
  {
    "nameUID": "Geniuses' Repose",
    "path": "The Erudition",
    "star": 4,
    "source": "Each Now Has a Role to Play",
    "desc": "Increases the wearer's ATK by 16/20/24/28/32%. When the wearer defeats an enemy, the wearer's CRIT DMG increases by 24/30/36/42/48% for 3 turn(s)."
  },
  {
    "nameUID": "Good Night and Sleep Well",
    "path": "The Nihility",
    "star": 4,
    "source": "Toiler",
    "desc": "For every debuff the target enemy has, the DMG dealt by the wearer increases by 12/15/18/21/24%, stacking up to 3 time(s). This effect also applies to DoT."
  },
  {
    "nameUID": "Hidden Shadow",
    "path": "The Nihility",
    "star": 3,
    "source": "Mechanism",
    "desc": "After using Skill, the wearer's next Basic ATK deals 60/75/90/105/120% of ATK as additional DMG to the target enemy."
  },
  {
    "nameUID": "In the Name of the World",
    "path": "The Nihility",
    "star": 5,
    "source": "Inheritor",
    "desc": "Increases the wearer's DMG to debuffed enemies by 24/28/32/36/40%. When the wearer uses their Skill, the Effect Hit Rate for this attack increases by 18/21/24/27/30%, and ATK increases by 24/28/32/36/40%."
  },
  {
    "nameUID": "In the Night",
    "path": "The Hunt",
    "star": 5,
    "source": "Flowers and Butterflies",
    "desc": "Increases the wearer's CRIT Rate by 18/21/24/27/30%. While the wearer is in battle, for every 10 SPD that exceeds 100, the DMG of the wearer's Basic ATK and Skill is increased by 6/7/8/9/10%, and the CRIT DMG of their Ultimate is increased by 12/14/16/18/20%. This effect can stack up to 8 time(s)."
  },
  {
    "nameUID": "Incessant Rain",
    "path": "The Nihility",
    "star": 5,
    "source": "Mirage of Reality",
    "desc": "Increases the wearer's Effect Hit Rate by 24/28/32/36/40%. When the wearer deals DMG to an enemy that currently has 3 or more debuffs, increases the wearer's CRIT Rate by 12/14/16/18/20%. After the wearer uses their Basic ATK, Skill, or Ultimate, there is a 100% base chance to implant Aether Code on a random hit target that does not yet have it. Targets with Aether Code receive 12/14/16/18/20% increased DMG for 1 turn."
  },
  {
    "nameUID": "Landau's Choice",
    "path": "The Preservation",
    "star": 4,
    "source": "Time Fleets Away",
    "desc": "The wearer is more likely to be attacked, but DMG taken is reduced by 16/18/20/22/24%."
  },
  {
    "nameUID": "Loop",
    "path": "The Nihility",
    "star": 3,
    "source": "Pursuit",
    "desc": "Increases DMG dealt from its wearer to Slowed enemies by 24/30/36/42/48%."
  },
  {
    "nameUID": "Make the World Clamor",
    "path": "The Erudition",
    "star": 4,
    "source": "The Power of Sound",
    "desc": "The wearer regenerates 20/23/26/29/32 Energy immediately upon entering battle, and increases Ultimate DMG by 32/40/48/56/64%."
  },
  {
    "nameUID": "Meditation",
    "path": "The Harmony",
    "star": 3,
    "source": "Family",
    "desc": "After entering battle, increases SPD of all allies by 12/14/16/18/20 for 1 turn(s)."
  },
  {
    "nameUID": "Memories of the Past",
    "path": "The Harmony",
    "star": 4,
    "source": "Old Photo",
    "desc": "Increases the wearer's Break Effect by 28/35/42/49/56%. When the wearer attacks, additionally regenerates 4/5/6/7/8 Energy. This effect can only be triggered 1 time per turn."
  },
  {
    "nameUID": "Meshing Cogs",
    "path": "The Harmony",
    "star": 3,
    "source": "Fleet Triumph",
    "desc": "After the wearer uses attacks or gets hit, additionally regenerates 4/5/6/7/8 Energy. This effect can only be triggered 1 time per turn."
  },
  {
    "nameUID": "Moment of Victory",
    "path": "The Preservation",
    "star": 5,
    "source": "Verdict",
    "desc": "Increases the wearer's DEF by 24/28/32/36/40% and Effect Hit Rate by 24/28/32/36/40%. Increases the chance for the wearer to be attacked by enemies. When the wearer is attacked, increase their DEF by an additional 24/28/32/36/40% until the end of the wearer's turn."
  },
  {
    "nameUID": "Multiplication",
    "path": "The Abundance",
    "star": 3,
    "source": "Denizens of Abundance",
    "desc": "After the wearer uses their Basic ATK, their next action will be Advanced Forward by 12/14/16/18/20%."
  },
  {
    "nameUID": "Mutual Demise",
    "path": "The Destruction",
    "star": 3,
    "source": "Legion",
    "desc": "If the wearer's current HP is less than 80%, CRIT Rate increases by 12/15/18/21/24%."
  },
  {
    "nameUID": "Night on the Milky Way",
    "path": "The Erudition",
    "star": 5,
    "source": "Meteor Swarm",
    "desc": "For every enemy on the field, increases the wearer's ATK by 9/10.5/12/13.5/15%, up to 5 stacks. When an enemy is inflicted with Weakness Break, the DMG dealt by the wearer increases by 30/35/40/45/50% for 1 turn."
  },
  {
    "nameUID": "Nowhere to Run",
    "path": "The Destruction",
    "star": 4,
    "source": "Crisis",
    "desc": "Increases the wearer's ATK by 24/30/36/42/48%. Whenever the wearer defeats an enemy, they restore HP equal to 12/15/18/21/24% of their ATK."
  },
  {
    "nameUID": "On the Fall of an Aeon",
    "path": "The Destruction",
    "star": 5,
    "source": "Moth to Flames",
    "desc": "Whenever the wearer attacks, increase their ATK by 8/10/12/14/16% in this battle, up to 4 time(s). When the wearer inflicts Weakness Break on enemies, the wearer's DMG increases by 12/15/18/21/24% for 2 turn(s)."
  },
  {
    "nameUID": "Only Silence Remains",
    "path": "The Hunt",
    "star": 4,
    "source": "Record",
    "desc": "Increases ATK of its wearer by 16/20/24/28/32%. If there are 2 or fewer enemies on the field, increases wearer's CRIT Rate by 12/15/18/21/24%."
  },
  {
    "nameUID": "Passkey",
    "path": "The Erudition",
    "star": 3,
    "source": "Epiphany",
    "desc": "After the wearer uses their Skill, additionally regenerates 8/9/10/11/12 Energy. This effect can only be triggered 1 time per turn."
  },
  {
    "nameUID": "Past and Future",
    "path": "The Harmony",
    "star": 4,
    "source": "Kites From the Past",
    "desc": "When the wearer uses their Skill, then the next ally taking action (except the wearer) deals 16/20/24/28/32% increased DMG for 1 turn(s)."
  },
  {
    "nameUID": "Pioneering",
    "path": "The Preservation",
    "star": 3,
    "source": "IPC",
    "desc": "When the wearer Breaks the enemy target's Weakness, the wearer restores HP by 12/14/16/18/20% of their Max HP."
  },
  {
    "nameUID": "Planetary Rendezvous",
    "path": "The Harmony",
    "star": 4,
    "source": "Departure",
    "desc": "Upon battle entry, if an ally deals the same DMG Type as the wearer, DMG dealt increases by 12/15/18/21/24%."
  },
  {
    "nameUID": "Post-Op Conversation",
    "path": "The Abundance",
    "star": 4,
    "source": "Mutual Healing",
    "desc": "Increases Energy Regeneration Rate of its wearer by 8/10/12/14/16% and increases Outgoing Healing when they use their Ultimate by 12/15/18/21/24%."
  },
  {
    "nameUID": "Quid Pro Quo",
    "path": "The Abundance",
    "star": 4,
    "source": "Enjoy With Rapture",
    "desc": "At the start of the wearer's turn, regenerates 8/10/12/14/16 Energy for a randomly chosen ally (excluding the wearer) whose current Energy is lower than 50%."
  },
  {
    "nameUID": "Resolution Shines As Pearls of Sweat",
    "path": "The Nihility",
    "star": 4,
    "source": "Glance Back",
    "desc": "When the wearer hits an enemy and if the hit enemy is not already Ensnared, then there is a 60/70/80/90/100% base chance to Ensnare the hit enemy. Ensnared enemies' DEF decreases by 12/13/14/15/16% for 1 turn(s)."
  },
  {
    "nameUID": "Return to Darkness",
    "path": "The Hunt",
    "star": 4,
    "source": "Raging Waves",
    "desc": "Increases the wearer's CRIT Rate by 12/15/18/21/24%. After a CRIT Hit, there is a 16/20/24/28/32% fixed chance to dispel 1 buff on the target enemy. This effect can only trigger 1 time per attack."
  },
  {
    "nameUID": "Sagacity",
    "path": "The Erudition",
    "star": 3,
    "source": "Genius",
    "desc": "When the wearer unleashes their Ultimate, increases ATK by 24/30/36/42/48% for 2 turn(s)."
  },
  {
    "nameUID": "Shared Feeling",
    "path": "The Abundance",
    "star": 4,
    "source": "Cure and Repair",
    "desc": "Increases the wearer's Outgoing Healing by 10/12.5/15/17.5/20%. When using Skill, regenerates 2/2.5/3/3.5/4 Energy for all allies."
  },
  {
    "nameUID": "Shattered Home",
    "path": "The Destruction",
    "star": 3,
    "source": "Eradication",
    "desc": "Deals 20/25/30/35/40% increased DMG to any enemies whose HP is above 50%.."
  },
  {
    "nameUID": "Sleep Like the Dead",
    "path": "The Hunt",
    "star": 5,
    "source": "Sweet Dreams",
    "desc": "Increases the wearer's CRIT DMG by 30/35/40/45/50%. When the wearer's Basic ATK or Skill does not result in a CRIT Hit, increases their CRIT Rate by 36/42/48/54/60% for 1 turn(s). This effect can only trigger once every 3 turn(s)."
  },
  {
    "nameUID": "Something Irreplaceable",
    "path": "The Destruction",
    "star": 5,
    "source": "Kinship",
    "desc": "Increases the wearer's ATK by 24/28/32/36/40%. When the wearer defeats an enemy or is hit, immediately restores HP equal to 8/9/10/11/12% of the wearer's ATK. At the same time, the wearer's DMG is increased by 24/28/32/36/40% until the end of their next turn. This effect cannot stack and can only trigger 1 time per turn."
  },
  {
    "nameUID": "Swordplay",
    "path": "The Hunt",
    "star": 4,
    "source": "Answers of Their Own",
    "desc": "For each time the wearer hits the same target, DMG dealt increases by 8/10/12/14/16%, stacking up to 5 time(s). This effect will be dispelled when the wearer changes targets."
  },
  {
    "nameUID": "Texture of Memories",
    "path": "The Preservation",
    "star": 5,
    "source": "Treasure",
    "desc": "Increases the wearer's Effect RES by 8/10/12/14/16%. If the wearer is attacked and has no Shield, they gain a Shield equal to 16/20/24/28/32% of their Max HP for 2 turn(s). This effect can only be triggered once every 3 turn(s). If the wearer has a Shield when attacked, the DMG they receive decreases by 12/15/18/21/24%."
  },
  {
    "nameUID": "The Birth of the Self",
    "path": "The Erudition",
    "star": 4,
    "source": "The Maiden in the Painting",
    "desc": "Increases DMG dealt by the wearer's follow-up attacks by 24/30/36/42/48%. If the current HP of the target enemy is below or equal to 50%, increases DMG dealt by follow-up attacks by an extra 24/30/36/42/48%."
  },
  {
    "nameUID": "The Moles Welcome You",
    "path": "The Destruction",
    "star": 4,
    "source": "Fantastic Adventure",
    "desc": "When the wearer uses Basic ATK, Skill, or Ultimate to attack enemies, the wearer gains one stack of Mischievous. Each stack increases the wearer's ATK by 12/15/18/21/24%."
  },
  {
    "nameUID": "The Seriousness of Breakfast",
    "path": "The Erudition",
    "star": 4,
    "source": "Get Ready",
    "desc": "Increases the wearer's DMG by 12/15/18/21/24%. For every defeated enemy, the wearer's ATK increases by 4/5/6/7/8%, stacking up to 3 time(s)."
  },
  {
    "nameUID": "This Is Me!",
    "path": "The Preservation",
    "star": 4,
    "source": "New Chapter",
    "desc": "Increases the wearer's DEF by 16/20/24/28/32%. Increases the DMG of the wearer when they use their Ultimate by 60/75/90/105/120% of the wearer's DEF. This effect can only apply 1 time per enemy target."
  },
  {
    "nameUID": "Time Waits for No One",
    "path": "The Abundance",
    "star": 5,
    "source": "Morn, Noon, Dusk, and Night",
    "desc": "Increases the wearer's Max HP by 18/21/24/27/30% and Outgoing Healing by 12/14/16/18/20%. When the wearer heals allies, record the amount of Outgoing Healing. When any ally launches an attack, a random attacked enemy takes additional DMG equal to 36/42/48/54/60% of the recorded Outgoing Healing value. This additional DMG is of the same Type as the wearer's, is not affected by other buffs, and can only occur 1 time per turn."
  },
  {
    "nameUID": "Today Is Another Peaceful Day",
    "path": "The Erudition",
    "star": 4,
    "source": "A Storm is Coming",
    "desc": "After entering battle, increases the wearer's DMG based on their Max Energy. DMG increases by 0.2/0.25/0.3/0.35/0.4% per point of Energy, up to 160 Energy."
  },
  {
    "nameUID": "Under the Blue Sky",
    "path": "The Destruction",
    "star": 4,
    "source": "Rye Under the Sun",
    "desc": "Increases the wearer's ATK by 16/20/24/28/32%. When the wearer defeats an enemy, the wearer's CRIT Rate increases by 12/15/18/21/24% for 3 turn(s)."
  },
  {
    "nameUID": "Void",
    "path": "The Nihility",
    "star": 3,
    "source": "Fallen",
    "desc": "At the start of the battle, the wearer's Effect Hit Rate increases by 20/25/30/35/40% for 3 turn(s)."
  },
  {
    "nameUID": "Warmth Shortens Cold Nights",
    "path": "The Abundance",
    "star": 4,
    "source": "Tiny Light",
    "desc": "Increases the wearer's Max HP by 16/20/24/28/32%. When using Basic ATK or Skill, restore all allies' HP by an amount equal to 2/2.5/3/3.5/4% of their respective Max HP."
  },
  {
    "nameUID": "We Are Wildfire",
    "path": "The Preservation",
    "star": 4,
    "source": "Teary-Eyed",
    "desc": "At the start of the battle, the DMG dealt to all allies decreases by 8/10/12/14/16% for 5 turn(s). At the same time, immediately restores HP to all allies equal to 30/35/40/45/50% of the respective HP difference between the characters' Max HP and current HP."
  },
  {
    "nameUID": "We Will Meet Again",
    "path": "The Nihility",
    "star": 4,
    "source": "A Discourse in Arms",
    "desc": "After the wearer uses Basic ATK or Skill, deals Additional DMG equal to 48/60/72/84/96% of the wearer's ATK to a random enemy that has been attacked."
  },
  {
    "nameUID": "Woof! Walk Time!",
    "path": "The Destruction",
    "star": 4,
    "source": "Run!",
    "desc": "Increases the wearer's ATK by 10/12.5/15/17.5/20%, and increases their DMG to enemies affected with Burn or Bleed by 16/20/24/28/32%. This also applies to DoT."
  }
]
