[
  {
    "nameUID": "Belobog of the Architects",
    "setEffect2": "Increases the wearer's DEF by 15%. When the wearer's Effect Hit Rate is 50% or higher, the wearer gains an extra 15% DEF."
  },
  {
    "nameUID": "Celestial Differentiator",
    "setEffect2": "Increases the wearer's CRIT DMG by 16%. When the wearer's current CRIT DMG reaches 120% or higher, after entering battle, the wearer's CRIT Rate increases by 60% until the end of their first attack."
  },
  {
    "nameUID": "Fleet of the Ageless",
    "setEffect2": "Increases the wearer's Max HP by 12%. When the wearer's SPD reaches 120 or higher, all allies' ATK increases by 8%."
  },
  {
    "nameUID": "Inert Salsotto",
    "setEffect2": "Increases the wearer's CRIT Rate by 8%. When the wearer's current CRIT Rate reaches 50% or higher, the wearer's Ultimate and follow-up attack DMG increases by 15%."
  },
  {
    "nameUID": "Pan-Galactic Commercial Enterprise",
    "setEffect2": "Increases the wearer's Effect Hit Rate by 10%. Meanwhile, the wearer's ATK increases by an amount that is equal to 25% of the current Effect Hit Rate, up to a maximum of 25%."
  },
  {
    "nameUID": "Space Sealing Station",
    "setEffect2": "Increases the wearer's ATK by 12%. When the wearer's SPD reaches 120 or higher, the wearer's ATK increases by an extra 12%."
  },
  {
    "nameUID": "Sprightly Vonwacq",
    "setEffect2": "Increases the wearer's Energy Regeneration Rate by 5%. When the wearer's SPD reaches 120 or higher, the wearer's action is Advanced Forward by 40% immediately upon entering battle."
  },
  {
    "nameUID": "Talia - Kingdom of Banditry",
    "setEffect2": "Increases the wearer's Break Effect by 16%. When the wearer's SPD reaches 145 or higher, the wearer's Break effect increases by an extra 20%."
  }
]
