[
  {
    "nameUID": "Band of Sizzling Thunder",
    "setEffect2": "Increases Lightning DMG by 10%.",
    "setEffect4": "When the wearer uses their Skill, increases the wearer's ATK by 20% for 1 turn(s)."
  },
  {
    "nameUID": "Champion of Streetwise Boxing",
    "setEffect2": "Increases Physical DMG by 10%.",
    "setEffect4": "After the wearer attacks or is hit, their ATK increases by 5% for the rest of the battle. This effect can stack up to 5 time(s)."
  },
  {
    "nameUID": "Eagle of Twilight Line",
    "setEffect2": "Increases Wind DMG by 10%.",
    "setEffect4": "After the wearer uses their Ultimate, their action is Advanced Forward by 25%."
  },
  {
    "nameUID": "Firesmith of Lava-Forging",
    "setEffect2": "Increases Fire DMG by 10%.",
    "setEffect4": "Increases the wearer's Skill DMG by 12%. After unleashing Ultimate, increases the wearer's Fire DMG by 12% for the next attack."
  },
  {
    "nameUID": "Genius of Brilliant Stars",
    "setEffect2": "Increases Quantum DMG by 10%.",
    "setEffect4": "When the wearer deals DMG to the target enemy, ignores 10% DEF. If the target enemy has Quantum Weakness, the wearer additionally ignores 10% DEF."
  },
  {
    "nameUID": "Guard of Wuthering Snow",
    "setEffect2": "Reduces DMG taken by 8%.",
    "setEffect4": "At the beginning of the turn, if the wearer's HP is equal to or less than 50%, restores HP equal to 8% of their Max HP and regenerates 5 Energy."
  },
  {
    "nameUID": "Hunter of Glacial Forest",
    "setEffect2": "Increases Ice DMG by 10%.",
    "setEffect4": "After the wearer uses their Ultimate, their CRIT DMG increases by 25% for 2 turn(s)."
  },
  {
    "nameUID": "Knight of Purity Palace",
    "setEffect2": "Increases DEF by 12%.",
    "setEffect4": "Increases the max DMG that can be absorbed by the Shield created by the wearer by 20%."
  },
  {
    "nameUID": "Musketeer of Wild Wheat",
    "setEffect2": "ATK increases by 10%.",
    "setEffect4": "The wearer's SPD increases by 6% and Basic ATK DMG increases by 10%."
  },
  {
    "nameUID": "Passerby of Wandering Cloud",
    "setEffect2": "Increases Outgoing Healing by 10%.",
    "setEffect4": "At the start of the battle, immediately regenerates 1 Skill Point."
  },
  {
    "nameUID": "Thief of Shooting Meteor",
    "setEffect2": "Increases Break Effect by 20%.",
    "setEffect4": "Increases the wearer's Break Effect by 16%. When the wearer inflicts Weakness Break on an enemy, regenerates 3 Energy."
  },
  {
    "nameUID": "Wastelander of Banditry Desert",
    "setEffect2": "Increases Imaginary DMG by 10%.",
    "setEffect4": "When attacking debuffed enemies, the wearer's CRIT Rate increases by 10%, and their CRIT DMG increases by 20% against Imprisoned enemies."
  }
]
